,Cities,Max Temp,Lat,Lng,Humidity,Wind Speed,Cloudiness,Country
0,iqaluit,35.6,63.75,-68.51,74,18.34,75,CA
1,vostok,45.34,46.49,135.88,78,1.72,99,RU
2,barra bonita,75.2,-22.49,-48.56,41,3.36,0,BR
3,hermanus,52.0,-34.42,19.23,97,5.17,100,ZA
4,isangel,75.2,-19.55,169.27,83,5.82,75,VU
5,flin flon,73.4,54.77,-101.86,27,16.11,75,CA
6,cherskiy,44.71,68.75,161.3,51,7.54,0,RU
7,mataura,50.29,-46.19,168.86,78,4.25,62,NZ
8,souillac,73.4,-20.52,57.52,73,12.75,40,MU
9,hithadhoo,83.28,-0.6,73.08,78,26.44,98,MV
10,new norfolk,48.0,-42.78,147.06,92,2.33,50,AU
11,carnarvon,68.32,-24.87,113.63,33,16.8,100,AU
12,punta arenas,37.4,-53.15,-70.92,100,7.2,75,CL
13,rock sound,80.49,24.9,-76.2,82,7.29,58,BS
14,hilo,84.2,19.73,-155.09,45,8.05,1,US
15,cockburn town,80.85,21.46,-71.14,80,19.39,8,TC
16,alakurtti,30.99,66.97,30.35,89,4.0,37,RU
17,broken hill,50.0,-31.95,141.43,81,9.17,0,AU
18,jamestown,63.0,42.1,-79.24,82,12.75,90,US
19,grindavik,42.8,63.84,-22.43,70,6.93,90,IS
20,fort nelson,42.8,58.81,-122.7,70,8.05,90,CA
21,yulara,44.6,-25.24,130.99,52,6.93,20,AU
22,almeirim,77.4,-1.52,-52.58,92,2.55,89,BR
23,chuy,61.68,-33.7,-53.46,82,7.23,0,UY
24,hobart,50.0,-42.88,147.33,87,4.7,75,AU
25,vila velha,73.4,-20.33,-40.29,88,8.05,75,BR
26,hamilton,71.01,39.18,-84.53,83,4.7,90,US
27,sao filipe,72.32,14.9,-24.5,81,10.07,45,CV
28,busselton,46.0,-33.65,115.33,70,10.27,2,AU
29,okha,32.72,53.57,142.95,96,14.81,90,RU
30,caxias do sul,60.01,-29.17,-51.18,41,1.86,0,BR
31,thompson,71.6,55.74,-97.86,33,8.05,75,CA
32,barrow,24.8,71.29,-156.79,85,9.17,90,US
33,san cristobal,91.4,7.77,-72.22,55,6.93,40,VE
34,kutum,69.82,14.2,24.67,77,21.68,93,SD
35,almaznyy,57.2,48.04,40.05,67,8.95,40,RU
36,pinar del rio,84.0,22.42,-83.7,67,9.62,9,CU
37,ushuaia,41.0,-54.8,-68.3,65,8.05,69,AR
38,narsaq,48.2,60.92,-46.05,24,20.8,100,GL
39,iona,84.2,26.52,-81.96,66,12.75,1,US
40,talnakh,37.4,69.49,88.4,100,8.95,90,RU
41,bambous virieux,73.4,-20.34,57.76,73,12.75,40,MU
42,griffith,68.0,41.53,-87.42,94,11.63,90,US
43,zhelyabovka,53.38,45.4,34.76,82,2.55,43,UA
44,georgetown,78.8,5.41,100.34,100,4.45,40,MY
45,bluff,51.66,-46.6,168.33,73,10.02,24,NZ
46,provideniya,37.4,64.38,-173.3,64,13.42,95,RU
47,cape town,57.99,-33.93,18.42,100,4.7,100,ZA
48,rikitea,77.68,-23.12,-134.97,83,11.83,46,PF
49,marzuq,79.18,14.4,46.47,50,1.79,7,YE
50,tuktoyaktuk,23.0,69.45,-133.04,85,12.75,90,CA
51,libertador general san martin,65.75,-23.81,-64.79,57,3.51,0,AR
52,mar del plata,57.99,-38.0,-57.56,71,3.36,0,AR
53,esperance,53.6,-33.87,121.9,93,11.41,40,AU
54,villars-sur-glane,51.01,46.79,7.12,77,1.99,0,CH
55,vaini,78.8,-21.2,-175.2,69,6.93,75,TO
56,atuona,80.51,-9.8,-139.03,74,15.01,6,PF
57,sibolga,76.66,1.74,98.78,82,3.11,97,ID
58,flinders,57.99,-34.58,150.86,95,1.01,70,AU
59,bredasdorp,53.6,-34.53,20.04,87,3.36,100,ZA
60,kaitangata,51.71,-46.28,169.85,75,7.07,43,NZ
61,quang ngai,80.33,15.12,108.8,74,3.36,100,VN
62,ornskoldsvik,35.6,63.29,18.72,80,8.05,93,SE
63,saint-augustin,40.86,51.23,-58.65,82,5.12,95,CA
64,orthez,55.4,43.49,-0.77,93,4.7,0,FR
65,qaanaaq,32.22,77.48,-69.36,85,4.81,0,GL
66,nemuro,40.42,43.32,145.57,74,9.93,66,JP
67,harper,79.75,4.38,-7.72,84,6.33,100,LR
68,kristiansund,41.0,63.11,7.73,80,14.99,86,NO
69,castro,54.73,-24.79,-50.01,66,0.85,0,BR
70,kamenka,53.01,51.32,42.77,69,1.99,100,RU
71,nikolskoye,41.0,59.7,30.79,80,4.47,40,RU
72,westport,62.6,41.14,-73.36,59,8.05,1,US
73,poum,74.5,-20.23,164.02,73,10.07,100,NC
74,qandala,87.51,11.47,49.87,61,1.59,0,SO
75,salalah,84.2,17.02,54.09,79,4.7,20,OM
76,arlit,89.11,18.74,7.39,28,4.03,58,NE
77,amalapuram,79.52,16.58,82.02,90,2.84,100,IN
78,pacific grove,71.6,36.62,-121.92,56,12.75,90,US
79,buala,84.85,-8.14,159.59,78,11.48,22,SB
80,lasa,50.0,46.62,10.7,100,2.24,75,IT
81,bay roberts,39.0,47.6,-53.26,57,4.21,100,CA
82,mount gambier,42.8,-37.83,140.77,87,9.17,88,AU
83,komsomolskiy,62.6,40.43,71.72,51,6.93,75,UZ
84,caraballeda,79.0,10.61,-66.85,66,13.09,60,VE
85,bereda,46.99,43.27,-7.54,97,1.99,65,ES
86,bay city,54.0,43.59,-83.89,93,14.99,90,US
87,susaki,69.8,33.37,133.28,83,3.36,75,JP
88,kavieng,84.7,-2.57,150.8,77,14.58,0,PG
89,bumba,71.42,2.18,22.47,92,1.88,100,CD
90,sorland,40.03,67.67,12.69,76,11.18,97,NO
91,bandar-e lengeh,87.46,26.56,54.88,34,8.59,25,IR
92,albany,73.0,42.6,-73.97,58,3.27,100,US
93,zabol,58.41,32.25,67.25,32,5.97,0,AF
94,sinnamary,77.49,5.38,-52.95,85,9.75,73,GF
95,bud,73.99,39.45,-86.18,73,12.75,75,US
96,port alfred,59.0,-33.59,26.89,78,1.99,100,ZA
97,copalillo,100.0,18.03,-99.12,12,3.0,65,MX
98,ribeira grande,62.87,38.52,-28.7,80,8.75,58,PT
99,somerset,66.2,40.57,-74.55,52,8.05,90,US
100,kruisfontein,52.88,-34.0,24.73,69,5.46,100,ZA
101,rocha,55.08,-34.48,-54.33,91,5.84,0,UY
102,waw,74.3,7.7,28.0,79,4.9,100,SS
103,tiksi,33.48,71.69,128.87,95,11.05,100,RU
104,otavi,58.68,-19.65,17.33,34,10.04,0,NA
105,lompoc,71.6,34.64,-120.46,68,12.75,75,US
106,navadwip,80.31,23.42,88.37,74,4.97,53,IN
107,arraial do cabo,71.91,-22.97,-42.03,78,2.55,1,BR
108,verkhoyansk,47.88,67.54,133.38,63,3.44,3,RU
109,umaria,79.75,23.53,80.83,29,1.86,15,IN
110,pierre,64.4,44.37,-100.35,59,8.05,20,US
111,nizwa,77.99,22.93,57.53,45,0.2,0,OM
112,yellowknife,37.99,62.46,-114.35,43,9.17,75,CA
113,cabo san lucas,86.0,22.89,-109.91,42,11.41,5,MX
114,akyab,81.82,20.15,92.9,76,5.66,99,MM
115,ambilobe,72.84,-13.2,49.05,83,4.94,23,MG
116,butaritari,83.84,3.07,172.79,78,15.84,0,KI
117,norman wells,33.8,65.28,-126.83,59,12.75,75,CA
118,hofn,40.86,64.25,-15.21,75,16.51,18,IS
119,brawley,98.6,32.98,-115.53,20,14.99,1,US
120,saint-joseph,69.8,-21.37,55.62,77,9.17,90,RE
121,lazaro cardenas,84.02,17.96,-102.2,50,9.4,97,MX
122,hasaki,68.0,35.73,140.83,82,8.05,75,JP
123,east london,64.53,-33.02,27.91,42,5.46,62,ZA
124,mitsamiouli,79.79,-11.38,43.28,77,16.17,23,KM
125,mahebourg,73.4,-20.41,57.7,73,12.75,40,MU
126,baykit,46.98,61.67,96.37,84,0.16,99,RU
127,kapaa,80.6,22.08,-159.32,69,10.29,1,US
128,ondarroa,57.99,43.32,-2.42,87,1.12,0,ES
129,mongu,60.42,-15.25,23.13,46,8.21,46,ZM
130,pyaozerskiy,29.7,65.83,31.17,98,5.28,84,RU
131,pisco,68.0,-13.7,-76.22,77,16.11,4,PE
132,khatanga,38.16,71.97,102.5,89,6.42,10,RU
133,saint anthony,52.0,45.02,-93.22,81,14.99,90,US
134,ponta do sol,64.4,32.67,-17.1,72,14.99,75,PT
135,umm kaddadah,74.46,13.6,26.69,65,5.39,63,SD
136,siyabuswa,56.12,-25.11,29.04,48,4.45,0,ZA
137,ostrovnoy,33.64,68.05,39.51,92,8.39,99,RU
138,guerrero negro,70.74,27.98,-114.06,59,18.01,1,MX
139,sao joao da barra,72.54,-21.64,-41.05,85,7.0,0,BR
140,longyearbyen,33.8,78.22,15.64,80,9.17,75,SJ
141,hay river,39.2,60.82,-115.8,38,2.24,75,CA
142,zmeinogorsk,55.92,51.16,82.19,72,5.53,85,RU
143,puerto ayora,82.4,-0.74,-90.35,69,13.87,40,EC
144,gornopravdinsk,53.74,60.05,69.9,87,1.5,100,RU
145,dingle,83.1,11.0,122.67,78,2.51,33,PH
146,henties bay,70.72,-22.12,14.28,39,6.51,0,NA
147,wewak,81.28,-3.55,143.63,82,6.85,31,PG
148,severo-kurilsk,36.01,50.68,156.12,93,20.33,100,RU
149,canita,77.0,9.21,-78.88,94,4.83,40,PA
150,north bend,59.0,43.41,-124.22,93,8.05,90,US
151,novobirilyussy,54.73,56.95,90.67,72,1.12,0,RU
152,pangoa,72.27,-12.12,-73.0,81,2.17,22,PE
153,ketchikan,64.4,55.34,-131.65,59,13.87,1,US
154,altar,95.0,30.7,-111.82,18,1.99,0,MX
155,athens,79.0,37.98,23.72,66,1.01,100,GR
156,hambantota,82.78,6.12,81.12,79,21.83,94,LK
157,aurangabad,83.01,19.88,75.33,38,11.43,56,IN
158,mandan,73.4,46.83,-100.89,37,13.87,1,US
159,gamba,78.44,-2.65,10.0,92,2.39,100,GA
160,karlstad,43.0,59.38,13.5,86,3.36,40,SE
161,kloulklubed,80.6,7.04,134.26,88,4.7,75,PW
162,itaituba,77.02,-4.28,-55.98,94,1.39,87,BR
163,lulea,33.8,65.58,22.15,80,5.82,33,SE
164,cidreira,64.29,-30.18,-50.21,71,8.01,0,BR
165,chokurdakh,26.29,70.63,147.92,96,12.24,0,RU
166,saint-philippe,69.8,-21.36,55.77,77,9.17,90,RE
167,ambon,83.43,-3.7,128.18,81,14.2,97,ID
168,kodiak,53.6,57.79,-152.41,66,9.17,20,US
169,husavik,41.0,66.04,-17.34,65,20.8,75,IS
170,west university place,87.8,29.72,-95.43,43,16.11,75,US
171,puerto del rosario,68.0,28.5,-13.86,72,19.46,20,ES
172,guantanamo,86.0,20.14,-75.21,79,10.29,75,CU
173,coxim,69.46,-18.51,-54.76,61,1.48,0,BR
174,ocos,89.6,14.51,-92.19,62,9.17,75,GT
175,bikin,53.08,46.82,134.26,63,2.15,100,RU
176,dunedin,52.0,-45.87,170.5,66,8.01,55,NZ
177,muros,57.0,42.78,-9.06,87,4.5,97,ES
178,port elizabeth,57.2,-33.92,25.57,71,3.36,100,ZA
179,koundara,90.99,12.48,-13.3,33,12.17,56,GN
180,vikindu,69.8,-7.01,39.3,88,6.62,20,TZ
181,tabou,79.3,4.42,-7.35,86,6.53,93,CI
182,oriximina,78.98,-1.77,-55.87,89,2.73,80,BR
183,francisco sa,68.13,-16.48,-43.49,90,10.78,100,BR
184,lagoa,62.65,39.05,-27.98,81,11.25,98,PT
185,kabalo,68.11,-6.05,26.92,68,4.65,0,CD
186,gigmoto,82.02,13.78,124.39,84,10.85,89,PH
187,mountain home,78.8,43.13,-115.69,19,8.05,20,US
188,mayo,66.0,38.89,-76.51,77,8.05,90,US
189,marsh harbour,81.07,26.54,-77.06,78,8.34,24,BS
190,camocim,78.03,-2.9,-40.84,90,9.06,90,BR
191,gizo,84.0,-8.1,156.84,76,5.86,5,SB
192,clyde river,26.6,70.47,-68.59,92,5.82,1,CA
193,mamonovo,50.0,54.46,19.94,87,22.37,75,RU
194,saskylakh,36.28,71.92,114.08,97,4.85,100,RU
195,makakilo city,86.0,21.35,-158.09,45,10.29,20,US
196,pemangkat,76.33,1.17,108.97,90,12.73,100,ID
197,verkhnevilyuysk,49.28,63.45,120.32,86,4.34,98,RU
198,ilulissat,41.0,69.22,-51.1,65,5.82,4,GL
199,rockford,66.2,42.27,-89.09,82,6.93,75,US
200,la cruz,84.0,23.92,-106.9,63,7.0,0,MX
201,moyale,64.98,3.52,39.06,89,5.97,37,KE
202,boende,72.66,-0.22,20.87,94,1.59,83,CD
203,stephenville,86.0,32.22,-98.2,35,5.82,1,US
204,karratha,68.85,-20.74,116.85,24,12.21,99,AU
205,birao,81.9,10.28,22.79,49,4.41,55,CF
206,yumen,55.51,40.28,97.2,29,17.6,70,CN
207,sistranda,42.8,63.73,8.83,81,12.75,75,NO
208,aykhal,46.4,66.0,111.5,52,4.47,38,RU
209,bubaque,78.94,11.28,-15.83,77,14.63,53,GW
210,tiznit,67.53,29.58,-9.5,57,1.57,0,MA
211,mawlaik,79.43,23.63,94.42,52,1.72,56,MM
212,tuatapere,51.08,-46.13,167.68,77,6.22,79,NZ
213,cayenne,78.8,4.93,-52.33,94,9.13,75,GF
214,lavrentiya,30.78,65.58,-171.0,95,8.23,92,RU
215,luanda,78.8,-8.84,13.23,94,4.7,75,AO
216,kropotkin,52.0,45.44,40.58,64,4.41,39,RU
217,mareeba,73.99,-17.0,145.43,85,3.0,100,AU
218,vardo,33.8,70.37,31.11,86,12.75,75,NO
219,choszczno,57.2,53.17,15.42,50,9.17,75,PL
220,lebu,56.16,-37.62,-73.65,91,2.35,32,CL
221,kieta,85.01,-6.22,155.63,69,4.18,8,PG
222,cascais,64.99,38.7,-9.42,63,10.58,2,PT
223,sao gabriel da cachoeira,78.8,-0.13,-67.09,88,2.24,75,BR
224,xuddur,73.24,4.12,43.89,79,14.07,75,SO
225,green river,75.2,41.53,-109.47,19,20.8,1,US
226,ambovombe,62.26,-25.17,46.08,70,5.12,9,MG
227,wajima,60.87,37.4,136.9,86,8.01,100,JP
228,ilula,59.0,-7.68,36.04,67,6.93,5,TZ
229,la ciotat,62.01,43.17,5.6,96,0.63,80,FR
230,egvekinot,26.78,66.32,-179.17,95,13.35,76,RU
231,faanui,81.93,-16.48,-151.75,73,8.5,0,PF
232,mayumba,78.33,-3.43,10.66,91,1.3,98,GA
233,matagami,51.8,49.75,-77.63,15,8.05,1,CA
234,koshurnikovo,50.92,54.17,93.3,78,2.82,0,RU
235,shakawe,56.07,-18.37,21.85,44,4.83,34,BW
236,port hardy,55.4,50.7,-127.42,76,12.75,75,CA
237,geraldton,51.8,-28.77,114.6,87,11.41,0,AU
238,chapais,48.2,49.78,-74.85,23,11.41,1,CA
239,airai,63.07,-8.93,125.41,100,5.3,87,TL
240,teya,49.91,60.38,92.63,86,1.3,33,RU
241,acapulco,87.8,16.86,-99.89,58,6.93,75,MX
242,avarua,80.6,-21.21,-159.78,65,16.11,75,CK
243,nanortalik,38.14,60.14,-45.24,85,13.02,100,GL
244,medicine hat,73.4,50.05,-110.67,27,6.26,90,CA
245,codrington,49.6,-38.27,141.97,73,9.69,97,AU
246,moose factory,39.2,51.26,-80.61,51,13.87,1,CA
247,upernavik,32.45,72.79,-56.15,91,1.12,0,GL
248,dubrovytsya,44.15,51.57,26.57,93,8.86,17,UA
249,saldanha,59.0,-33.01,17.94,82,6.93,100,ZA
250,saint george,91.4,37.1,-113.58,13,29.97,1,US
251,dikson,33.64,73.51,80.55,97,9.1,100,RU
252,canutama,77.22,-6.53,-64.38,89,2.3,76,BR
253,kinshasa,77.9,-4.32,15.32,65,1.21,10,CD
254,kharp,31.41,66.8,65.81,89,2.42,9,RU
255,havoysund,32.0,71.0,24.66,92,5.82,50,NO
256,aklavik,23.0,68.22,-135.01,79,10.29,90,CA
257,nevele,52.0,51.06,3.56,70,7.81,49,BE
258,kahului,87.8,20.89,-156.47,45,25.28,20,US
259,guarapari,73.4,-20.67,-40.5,88,8.05,75,BR
260,prata,66.0,-19.31,-48.92,75,5.39,1,BR
261,klyuchi,66.18,52.27,79.17,51,7.31,100,RU
262,matadi,76.6,-5.82,13.45,77,2.28,20,CD
263,amla,81.84,21.93,78.12,25,7.14,56,IN
264,kisangani,72.1,0.52,25.2,97,2.15,83,CD
265,pundaguitan,84.18,6.37,126.17,76,9.8,58,PH
266,svetlogorsk,45.54,52.63,29.73,90,9.15,90,BY
267,san patricio,86.0,19.22,-104.7,74,23.04,75,MX
268,malakal,77.95,9.53,31.66,74,4.43,100,SS
269,tura,76.96,25.52,90.22,70,3.62,8,IN
270,kurilsk,35.71,45.23,147.88,84,19.19,99,RU
271,victoria,80.01,22.29,114.16,88,4.7,75,HK
272,ahipara,62.44,-35.17,173.17,65,6.89,1,NZ
273,miranda,72.86,3.25,-76.23,76,1.79,98,CO
274,kasulu,62.56,-4.58,30.1,94,1.59,0,TZ
275,general bravo,89.22,25.8,-99.17,57,12.08,45,MX
276,bandarbeyla,82.9,9.49,50.81,80,20.04,91,SO
277,zistersdorf,55.99,48.53,16.75,85,2.82,0,AT
278,tallahassee,88.0,30.44,-84.28,43,12.75,75,US
279,pangnirtung,29.64,66.15,-65.71,93,1.14,5,CA
280,pokhara,72.32,28.23,83.98,38,6.58,2,NP
281,teguldet,55.18,57.31,88.17,74,3.11,15,RU
282,chumikan,33.46,54.72,135.31,95,7.67,100,RU
283,vitim,43.14,59.45,112.56,80,3.15,84,RU
284,utete,67.05,-7.99,38.76,70,3.09,75,TZ
285,zhuhai,80.6,22.28,113.57,83,3.36,40,CN
286,motygino,51.76,58.18,94.76,90,1.3,59,RU
287,maryville,86.0,35.76,-83.97,35,9.17,75,US
288,kapit,75.56,2.02,112.93,95,1.03,100,MY
289,lhokseumawe,77.97,5.18,97.15,80,3.56,99,ID
290,corovode,70.25,40.5,20.23,34,2.39,74,AL
291,manono,67.32,-7.3,27.42,61,4.81,0,CD
292,qaqortoq,48.2,60.72,-46.03,24,20.8,100,GL
293,port arthur,57.2,38.8,121.27,93,8.95,75,CN
294,beatrice,64.99,40.27,-96.75,55,20.8,90,US
295,vestmannaeyjar,43.27,63.44,-20.27,72,30.31,96,IS
296,coquimbo,59.0,-29.95,-71.34,77,9.17,32,CL
297,breves,77.02,-1.68,-50.48,93,3.27,60,BR
298,lang son,73.33,21.83,106.73,94,2.06,76,VN
299,ystad,48.2,55.43,13.82,93,16.11,75,SE
300,zhigansk,39.2,66.77,123.37,86,10.36,92,RU
301,mecca,89.83,21.43,39.83,32,1.79,95,SA
302,faya,68.0,18.39,42.45,52,3.22,94,SA
303,boat of garten,50.0,57.25,-3.76,100,5.82,100,GB
304,labuhan,79.0,-6.88,112.21,87,7.9,100,ID
305,megalopoli,75.99,37.4,22.14,72,2.71,75,GR
306,chokwe,63.84,-24.53,32.98,73,4.99,0,MZ
307,okhotsk,39.16,59.38,143.3,75,6.51,96,RU
308,atambua,76.06,-9.11,124.89,84,4.32,92,ID
309,leningradskiy,29.05,69.38,178.42,96,4.21,100,RU
310,phalaborwa,60.8,-23.94,31.14,72,4.7,1,ZA
311,noda,71.01,35.94,139.86,82,8.05,75,JP
312,bethel,64.4,41.37,-73.41,48,10.29,1,US
313,ancud,55.0,-41.87,-73.82,93,4.7,90,CL
314,lata,59.0,40.16,-8.33,80,1.43,0,PT
315,santa rosa,86.0,14.31,121.11,88,2.24,20,PH
316,omis,68.0,43.44,16.69,60,3.36,100,HR
317,tasiilaq,39.2,65.61,-37.64,51,10.29,79,GL
318,gigant,52.39,46.51,41.34,61,3.47,98,RU
319,kosamba,83.01,21.48,72.95,52,7.49,56,IN
320,mahajanga,75.2,-15.72,46.32,94,3.36,20,MG
321,jalu,88.74,29.03,21.55,16,11.81,0,LY
322,abu kamal,85.12,34.45,40.92,26,9.84,0,SY
323,yar-sale,33.98,66.83,70.83,94,3.98,35,RU
324,kaeo,60.01,-35.1,173.78,3,5.99,10,NZ
325,port-cartier,59.0,50.03,-66.87,33,13.87,75,CA
326,mount pleasant,80.01,32.79,-79.86,78,11.59,90,US
327,kajiado,56.03,-1.85,36.78,98,6.78,10,KE
328,methoni,75.99,36.82,21.7,72,3.38,45,GR
329,aswan,81.84,24.09,32.91,32,5.39,0,EG
330,mumford,82.54,5.26,-0.76,84,7.61,82,GH
331,laguna,75.99,38.42,-121.42,49,9.17,1,US
332,nacala,69.94,-14.54,40.67,78,8.95,0,MZ
333,adjumani,67.57,3.38,31.79,94,1.86,100,UG
334,mandurah,55.0,-32.55,115.7,81,13.38,26,AU
335,batticaloa,81.73,7.71,81.69,76,13.15,100,LK
336,xining,49.48,36.62,101.77,41,2.71,71,CN
337,mackenzie,50.0,55.3,-123.17,66,10.29,90,CA
338,roald,42.8,62.58,6.13,81,9.17,91,NO
339,brae,44.6,60.4,-1.35,81,8.05,89,GB
340,chulym,61.03,55.1,80.96,62,3.18,27,RU
341,paamiut,39.67,61.99,-49.67,87,7.45,10,GL
342,bela vista do paraiso,73.4,-23.0,-51.19,43,4.7,0,BR
343,hualmay,66.36,-11.1,-77.61,81,8.66,40,PE
344,umea,30.2,63.83,20.26,100,3.36,30,SE
345,belmonte,73.4,-15.86,-38.88,88,2.24,75,BR
346,santona,57.0,43.44,-3.46,87,3.36,0,ES
347,aguimes,66.99,27.91,-15.45,72,16.11,20,ES
348,yerbogachen,49.37,61.28,108.01,69,1.23,11,RU
349,bilibino,29.98,68.05,166.44,89,6.35,0,RU
350,wahpeton,71.6,46.27,-96.61,49,12.75,63,US
351,samagaltay,52.25,50.6,95.0,66,7.16,92,RU
352,namatanai,84.99,-3.67,152.43,72,8.79,7,PG
353,cap malheureux,70.0,-19.98,57.61,76,3.0,0,MU
354,kyabram,54.0,-36.32,145.05,91,1.99,2,AU
355,manggar,80.53,-2.88,108.27,82,4.18,100,ID
356,atherton,54.0,53.52,-2.49,78,3.0,100,GB
357,torbay,37.99,47.67,-52.73,97,3.09,90,CA
358,colmenar viejo,60.01,40.66,-3.77,68,3.18,12,ES
359,nishihara,75.2,26.18,127.76,94,21.92,90,JP
360,shitanjing,51.64,39.23,106.34,41,0.74,55,CN
361,newark,64.4,40.74,-74.17,55,9.17,75,US
362,marsa matruh,71.6,31.35,27.25,83,5.99,0,EG
363,lagunillas,86.18,10.13,-71.26,70,1.61,68,VE
364,pula,64.4,44.87,13.85,63,10.29,1,HR
365,khandyga,53.8,62.67,135.6,58,2.64,32,RU
366,sorong,82.02,-0.88,131.25,82,5.68,25,ID
367,varenikovskaya,57.2,45.12,37.64,76,6.71,74,RU
368,shenjiamen,69.66,29.96,122.3,92,8.03,100,CN
369,dandong,56.19,40.13,124.39,93,14.9,100,CN
370,dudinka,37.4,69.41,86.18,100,8.95,90,RU
371,pevek,29.21,69.7,170.31,92,1.19,0,RU
372,ankang,63.18,32.68,109.02,47,3.8,0,CN
373,darnah,74.39,32.77,22.64,59,5.03,0,LY
374,ballina,68.0,-28.87,153.57,64,8.05,55,AU
375,grand-santi,74.32,4.25,-54.38,92,3.31,69,GF
376,koutiala,93.38,12.39,-5.46,23,4.36,78,ML
377,erdenet,48.43,49.03,104.08,49,0.78,62,MN
378,ulaanbaatar,35.6,47.91,106.88,64,1.48,40,MN
379,benavente,51.8,42.0,-5.68,66,6.93,0,ES
380,magadan,39.63,59.57,150.8,77,3.62,99,RU
381,axim,81.9,4.87,-2.24,83,7.76,100,GH
382,salamiyah,78.08,35.01,37.05,28,6.98,0,SY
383,santa maria,64.4,-29.68,-53.81,77,2.24,0,BR
384,torrington,64.0,41.8,-73.12,67,1.99,91,US
385,burhaniye,73.4,39.5,26.97,88,8.25,96,TR
386,saint stephen,55.0,50.33,-4.9,93,5.82,100,GB
387,port augusta,55.99,-32.5,137.77,86,5.82,45,AU
388,kindu,72.79,-2.95,25.95,96,2.17,86,CD
389,golden,75.99,39.76,-105.22,40,6.93,75,US
390,opuwo,61.18,-18.06,13.84,35,5.95,0,NA
391,rehoboth,57.52,-23.32,17.08,34,5.77,0,NA
392,soyo,78.39,-6.13,12.37,84,6.96,74,AO
393,beloha,57.31,-25.17,45.05,77,4.74,0,MG
394,lorengau,85.35,-2.02,147.27,75,12.82,1,PG
395,albanel,55.4,48.88,-72.45,17,10.29,75,CA
396,tilichiki,31.15,60.47,166.1,99,7.36,83,RU
397,lufilufi,80.01,-13.87,-171.6,94,4.0,49,WS
398,sitka,57.2,57.05,-135.33,67,10.29,20,US
399,margate,55.99,51.38,1.39,74,4.0,67,GB
400,grand gaube,70.0,-20.01,57.66,76,1.99,0,MU
401,la macarena,74.64,2.18,-73.78,96,2.24,85,CO
402,wentzville,70.0,38.81,-90.85,65,7.0,90,US
403,kalabo,59.29,-14.97,22.68,54,7.27,33,ZM
404,sakakah,80.6,29.97,40.21,13,4.45,28,SA
405,vikulovo,55.71,56.82,70.61,83,7.38,20,RU
406,jacmel,89.6,18.23,-72.53,59,6.93,6,HT
407,bayji,89.67,34.93,43.49,19,6.06,0,IQ
408,iztapa,91.4,13.93,-90.71,63,13.87,75,GT
409,shingu,70.38,33.73,135.98,66,1.41,100,JP
410,rio grande,55.99,-32.03,-52.1,89,8.79,0,BR
411,fortuna,61.0,40.6,-124.16,67,20.8,75,US
412,lima,66.2,-12.04,-77.03,77,6.93,90,PE
413,kavaratti,85.35,10.57,72.64,77,22.3,100,IN
414,kushmurun,56.52,52.45,64.63,92,3.44,100,KZ
415,inhambane,67.55,-23.86,35.38,70,5.61,1,MZ
416,gorontalo,79.56,0.54,123.06,86,1.21,66,ID
417,portland,71.01,45.52,-122.68,45,4.7,40,US
418,lafia,83.39,8.48,8.52,68,3.74,4,NG
419,seoul,68.0,37.57,126.98,93,2.24,90,KR
420,banjarmasin,75.81,-3.32,114.59,96,4.12,100,ID
421,hardenberg,51.01,52.58,6.62,85,6.98,41,NL
422,manta,82.4,-0.95,-80.73,69,17.22,20,EC
423,tucuman,73.4,-26.82,-65.22,56,2.24,0,AR
424,zheleznodorozhnyy,51.01,55.75,38.0,66,4.47,61,RU
425,rosario do sul,59.72,-30.26,-54.91,74,1.7,0,BR
426,santo antonio do ica,76.55,-3.1,-67.94,95,1.21,95,BR
427,laela,52.92,-8.57,32.05,89,3.11,0,TZ
428,kendallville,57.2,41.44,-85.27,100,10.29,90,US
429,kathu,77.0,7.92,98.33,100,12.06,40,TH
430,los llanos de aridane,68.0,28.66,-17.92,68,13.87,90,ES
431,vanimo,83.41,-2.67,141.3,76,7.58,24,PG
432,partur,90.27,19.6,76.22,24,9.66,94,IN
433,jieshou,63.0,33.26,115.36,42,12.28,0,CN
434,los algarrobos,80.6,8.5,-82.43,78,10.29,75,PA
435,singapore,82.0,1.29,103.85,94,2.24,75,SG
436,tharad,80.56,24.4,71.63,74,11.05,0,IN
437,port hedland,62.6,-20.32,118.57,33,6.93,92,AU
438,tabat,75.61,-2.63,115.23,98,0.18,100,ID
439,avera,86.0,33.19,-82.53,45,4.7,1,US
440,talara,70.21,-4.58,-81.27,83,16.2,9,PE
441,sao geraldo do araguaia,76.03,-6.4,-48.55,90,2.3,18,BR
442,shagonar,55.44,51.53,92.8,57,0.54,60,RU
443,ramhormoz,86.13,31.28,49.6,20,5.55,33,IR
444,belluno,64.99,46.15,12.22,79,4.21,68,IT
445,kirkland lake,66.2,48.14,-80.04,34,5.82,90,CA
446,marovoay,75.2,-16.1,46.63,94,3.36,20,MG
447,chara,42.53,56.91,118.26,65,3.2,100,RU
448,horomerice,52.0,50.13,14.34,66,2.24,0,CZ
449,miyako,52.99,39.64,141.95,89,7.18,99,JP
450,port lincoln,58.32,-34.73,135.87,60,11.79,100,AU
451,ossora,31.75,59.24,163.07,98,5.14,95,RU
452,eltham,55.99,-39.43,174.3,97,2.68,8,NZ
453,linxia,51.51,35.6,103.21,43,0.51,27,CN
454,srednekolymsk,51.06,67.45,153.68,43,13.53,0,RU
455,merrill,51.01,45.18,-89.68,100,12.75,90,US
456,chabahar,84.9,25.29,60.64,62,8.57,0,IR
457,hobyo,83.05,5.35,48.53,71,20.65,22,SO
458,kumeny,41.61,58.11,49.92,92,6.13,34,RU
459,gondanglegi,77.68,-7.75,112.01,87,13.44,97,ID
460,mitu,73.27,1.2,-70.17,96,1.1,94,CO
461,bonfim,82.92,3.08,-59.95,69,4.99,95,BR
462,amealco,84.2,20.18,-100.15,14,8.05,40,MX
463,makat,54.09,47.65,53.35,53,8.95,5,KZ
464,horn lake,78.01,34.96,-90.03,88,9.17,90,US
465,port-gentil,80.6,-0.72,8.78,94,6.93,40,GA
466,isla mujeres,86.0,21.23,-86.73,74,16.11,75,MX
467,nome,52.0,64.5,-165.41,65,3.36,90,US
468,novyy urengoy,47.39,66.08,76.63,90,6.82,82,RU
469,pahalgam,44.83,34.03,75.33,57,6.67,56,IN
470,erzurum,44.6,40.0,41.5,65,4.7,81,TR
471,sangar,51.35,63.92,127.47,52,5.26,100,RU
472,fairbanks,54.0,64.84,-147.72,25,6.93,1,US
473,gunjur,75.2,13.2,-16.73,78,12.75,10,GM
474,rantepao,70.07,-2.97,119.9,87,1.68,82,ID
475,kasempa,53.56,-13.46,25.83,52,7.54,4,ZM
476,taman,57.2,45.21,36.72,76,6.71,69,RU
477,hargeysa,72.25,9.56,44.06,66,19.84,0,SO
478,riachao das neves,72.39,-11.75,-44.91,89,0.78,92,BR
479,khudumelapye,54.23,-23.88,24.75,62,7.18,18,BW
480,faruka,78.3,31.89,72.41,35,4.03,15,PK
481,mae tha,81.0,18.46,99.14,78,1.12,20,TH
482,fernandina beach,79.0,30.67,-81.46,78,6.93,1,US
483,banda aceh,81.21,5.56,95.32,75,15.77,100,ID
484,bathsheba,82.4,13.22,-59.52,65,19.46,40,BB
485,rodrigues alves,79.52,-7.74,-72.65,71,0.58,45,BR
486,coracao de jesus,66.18,-16.69,-44.37,92,4.23,100,BR
487,haines junction,52.23,60.75,-137.51,56,2.19,100,CA
488,jiayuguan,54.82,39.82,98.3,32,4.25,88,CN
489,pathein,83.34,16.78,94.73,77,4.83,98,MM
490,amapa,73.96,1.0,-52.0,98,2.91,100,BR
491,fukue,66.72,32.69,128.84,96,12.82,100,JP
492,saint-nazaire,55.4,47.28,-2.2,87,4.7,0,FR
493,ambunti,81.55,-4.24,142.84,87,1.32,42,PG
494,sisimiut,39.61,66.94,-53.67,73,3.91,15,GL
495,pinhao,53.08,-25.7,-51.66,73,0.51,0,BR
496,bontang,79.18,0.13,117.5,88,4.79,100,ID
497,gorahun,75.25,7.47,-11.24,98,2.42,100,SL
498,winnemucca,80.6,40.97,-117.74,11,14.99,1,US
499,erechim,54.66,-27.63,-52.27,83,1.68,0,BR
500,tonshayevo,39.27,57.74,47.01,96,4.23,21,RU
501,adrar,81.73,20.5,-10.07,17,12.19,0,MR
502,santa cruz,75.2,-17.8,-63.17,57,8.05,0,BO
503,maku,56.89,39.29,44.45,49,2.86,4,IR
504,kangaba,89.2,11.93,-8.42,41,9.15,78,ML
505,houma,82.0,29.6,-90.72,61,19.46,1,US
506,vilhena,75.2,-12.74,-60.15,83,4.7,20,BR
507,vila,62.01,42.03,-8.16,77,2.24,95,PT
508,weligama,81.63,5.97,80.42,86,17.02,97,LK
509,prado,73.29,-17.34,-39.22,91,6.89,90,BR
510,havre-saint-pierre,46.4,50.23,-63.6,81,2.06,20,CA
511,sola,82.4,-13.88,167.55,83,5.82,90,VU
512,villa union,84.2,23.2,-106.23,45,8.05,5,MX
513,sujangarh,84.42,27.7,74.46,14,4.79,6,IN
514,virginia beach,66.0,36.85,-75.98,88,8.05,90,US
515,solnechnyy,45.34,50.72,136.63,57,6.87,7,RU
516,katsuura,69.01,35.13,140.3,81,1.99,100,JP
517,aksha,50.79,50.28,113.29,62,5.14,97,RU
518,mabaruma,75.83,8.2,-59.78,80,4.27,11,GY
519,ntcheu,52.29,-14.82,34.64,92,2.71,0,MW
520,cartagena,84.2,10.4,-75.51,83,9.17,40,CO
521,murgab,71.6,37.5,61.97,49,11.41,75,TM
522,lages,53.22,-27.82,-50.33,81,2.42,0,BR
523,chingola,49.44,-12.53,27.88,57,5.41,0,ZM
524,nexo,50.0,55.06,15.13,93,18.34,100,DK
525,khasan,45.84,42.43,130.64,94,11.83,100,RU
526,kurchum,57.94,48.57,83.65,70,2.57,32,KZ
527,sivota,73.99,39.41,20.25,68,2.24,27,GR
528,aksarka,34.84,66.56,67.8,87,2.35,37,RU
529,rakiv lis,43.38,51.62,24.92,92,8.79,0,UA
530,camacha,62.6,33.08,-16.33,77,6.93,40,PT
531,pitimbu,78.8,-7.47,-34.81,94,6.93,75,BR
532,nalut,80.28,30.33,10.85,17,7.16,74,LY
533,bowen,73.0,-20.02,148.23,88,12.75,90,AU
534,arauco,59.0,-37.25,-73.32,87,5.82,12,CL
535,lahaina,87.8,20.88,-156.68,45,25.28,20,US
536,najran,78.8,17.49,44.13,26,2.73,40,SA
537,maniitsoq,40.68,65.42,-52.9,70,11.34,0,GL
538,caxito,78.8,-8.58,13.66,94,4.7,75,AO
539,odweyne,75.67,9.41,45.06,63,11.79,1,SO
540,mulchen,66.2,-37.72,-72.23,68,1.63,2,CL
541,ternovka,48.56,51.68,41.64,89,7.65,100,RU
542,cairns,75.0,-16.92,145.77,88,11.41,75,AU
543,muravlenko,52.54,63.79,74.52,69,1.05,76,RU
544,helsingborg,48.99,56.05,12.69,89,8.99,100,SE
545,bengkulu,76.68,-3.8,102.27,93,8.39,100,ID
546,khilok,43.2,51.37,110.47,74,2.48,100,RU
547,tank,78.08,32.22,70.38,33,6.46,18,PK
548,carutapera,78.13,-1.2,-46.02,92,5.66,93,BR
549,boddam,48.2,57.47,-1.78,100,4.7,90,GB
550,matamoros,98.6,25.53,-103.25,8,6.93,5,MX
551,richards bay,62.73,-28.78,32.04,71,6.29,0,ZA
552,klaksvik,35.6,62.23,-6.59,80,2.24,57,FO
553,berlevag,36.21,70.86,29.09,84,10.47,62,NO
554,vao,71.22,-22.67,167.48,66,15.03,100,NC
555,floro,44.6,61.6,5.03,75,6.93,22,NO
556,darab,75.02,28.75,54.54,28,1.61,100,IR
557,rafsanjan,72.77,30.41,55.99,21,2.98,4,IR
558,san pedro,86.0,14.35,121.02,88,2.24,20,PH
559,nioro,78.93,13.35,-15.75,46,6.71,12,GM
560,kensington,59.0,-33.92,151.22,87,5.82,75,AU
561,palmer,66.99,42.16,-72.33,54,5.68,95,US
562,tianpeng,79.0,30.99,103.94,1,6.29,43,CN
563,necochea,48.0,-38.55,-58.74,84,3.0,3,AR
564,jalalpur pirwala,81.0,29.51,71.22,33,15.08,0,PK
565,nizhnyaya tavda,48.54,57.67,66.17,91,9.35,100,RU
566,seymchan,40.89,62.88,152.43,77,10.54,98,RU
